author,content,stat_time,thumbs_up
可爱到家了,"有的男的真的好奇怪,好几天不联系突然问“你在干嘛”,我能干嘛,我当然是跟其他男的在一起啊 ​​​","
2020-09-12 06:08
",1051
五行缺少你,"以前经常听说，在上衣口袋里插钢笔大有学问，比如初中生一支，高中生两支。。。,我就想啊，那博士该插多少钢笔啊，总该插满吧？于是我就在上衣口袋里插满了形形色色的钢笔，雄赳赳气昂昂的跟着朋友去相亲了。,谁知道女方一看见我就骂我：你个臭 不要脸的！一个修钢笔的也好意思出来和我相亲，趁早 死 一边去！！,看着女方扬长而去的背影，我半天说不出话来。朋友埋怨我说：你看看你，搞的什么 鬼？我的脸都被你丢光了！！,我委屈的说：我不就是想着多插几支钢笔，显得有文化吗？这有什么错？？？","
2020-07-23 10:20
",1173
禁言………,"no作no   die 。。。割。。。,前几天买了个比较皮的折扇，正面写着三个大字“叫爸爸”。昨天晚上天气热，出去乘凉我就拿出来用了，也是巧了，我爹坐在我对面。,当他看见我这扇子的时候，明显就不高兴了，压着火怒道:“这么大个人了，一点儿正经的也没有，给老子翻过去。”,当我把扇子翻过去的时候，我爹脸都气绿了，抄起板凳就要打我，要不是我跑的快，估计就见不到各位糗友了。,这扇子也是没谁了，反面写的是“叫爷爷”。。。","
2020-08-04 17:55
",1770
花落彼岸～任逍遥,昨天中午 村 里 打电话，让我去老家补办我老妈的养 老 保 险 ，办完了天 黑 了没赶上车而且我又不想在亲戚家住，这时我老姐说:小弟正巧有个送纸 活 的要空车回去，只要你不怕忌讳让他拉你回去”，我跟他一说他说没问题，这一路上他手机接到好多个 订 单 都是第二让赶紧送 纸 活 的，我忍不住说了句:“大哥 业 务 挺忙的呀”，吓的他一下子把刹车踩住了，一边往车座下钻一边说:“卧槽 纸 活 说话了”，我跟他说:“大哥你忘了我老姐让你拉我回家了”，他吓得哆哆嗦嗦的说了句:我从来都是空车回家的，在说这一路上你要是跟我聊会天也没这事，你看我裤子都湿了,"
2020-07-20 17:35
",1273
芭蕉窗下听雨声,"早上好不容易雨停了。想着下楼买点菜。,看来看去就买了一把南瓜头和两把地瓜叶。,看着手里新鲜的菜，想起小时候的味道，兴致勃勃的往回走。,迎面碰到买菜的阿姨。她二话不说就摸我头。,我不耐烦的拨开她的手，问：你干吗啊？,阿姨放下手说：我就想看你正常不？为啥老跟猪争吃的？","
2020-07-26 20:45
",1480
偷惢,"老家在山区信号不好，好在有wifi，这让跟男友热恋中的我不至于断了联系。,今天一直下雨，没啥事捧着手机跟男友视频，“咔嚓”一个大雷瞬间停电，一看手机，别说数据连不上，连电话都打不出去。实在没招打伞顶着大雨出去走半小时才给他发出去条短信告知别担心。,深一脚浅一脚的走回家，然后发现，来电了！","
2020-08-19 15:22
",2068
忧郁的创可贴,"最近总听老妈叨叨，有个精神不太正常的老太太每天早上在小区篮球场附近种菜摘菜，我和老爸表示不太相信，但是看她斩钉截铁的样子又不像假话。,然后我天天早上开车上班特意从篮球场绕一下，真的发现有一个老太太，穿着宝蓝色的裤子，一件花上衣，在那里摘菜，还有僵尸片里叮叮叮的声音，和妈说的同样的打扮，卧槽，真的毛骨悚然。。。,后来，老爸不信邪的去看了一下：一个宝蓝色的大桶上面，放了一些彩色的塑料和风铃，地主拿来赶鸟兽的。。。","
2020-08-20 16:36
",1282
出门太难,"同事老木和他的一个哥们，去参加朋友的婚礼，结果两个人都喝多了，争着抢着要买单，差点打起来了。,新郎劝了半天，见两人就是不听，没招了，就对服务员说：你就收他六十吧。改天我还他！,老木一听，当时就翻脸了，揪着新郎不放​：好你个黑 心老板！这么多菜，你才收六十！说，你是不是拿前面的客人吃剩下的来忽悠我们？！……,事后，老木左赔礼右道歉，好话说了几箩筐，朋友才原谅了他！！","
2020-08-07 08:17
",1297
聊天不撩妹子,"早高峰你懂得，地铁上。,突然一丝袜mm高声叫到：“看什么看，没见过美女啊！ ”众人顺着她的眼光看过去，只见一个眼睛男淡定的说了一句就秒杀全车人“你穿的很危险，但是你长的却十分安全……”","
2020-08-29 12:23
",1031
空城旧梦她与伞,"那时单身，在工厂上班，性格有点内向自卑。周末的时候，一个人静静的待在租房里，看看书，玩玩手机。,后来，看到一本书上说，内向的人，可以试着大声歌唱，唱歌能调适心情，可以消除孤独恐慌，唱歌好听，甚至会有异性主动搭讪。,于是，我放下书本，站在窗户边，放开嗓子唱了起来：大河向东流啊，天上的星星参北斗啊……,还别说，书上真的没有骗人，唱歌真会有异性搭讪！这不我刚唱完，房门咚咚咚的响起来，传来房东大妈那粗狂的声音：大清早的，你鬼哭狼嚎个啥？","
2020-08-04 06:32
",2141
狐小乔,"去表姐家做客，她儿子帮我拔了3根白头发。我给了他15块钱，说:""以后拔一根白头发给5块!"",转天早上还没醒，感觉旁边有声音，睁眼一瞅，表姐的儿子正盯着我看呢。看我醒了，小家伙一脸焦急地说:""你什么时候能满头白发啊，真急死人了!""","
2020-08-29 23:08
",1461
虚设良辰,买了个一百多的羽毛球拍，回家告诉老公说是700多，这货马上抢去装他包里，把原先400多的塞给我，而且，觉得新拍子特好打，特称手，喜欢得不得了……,"
2020-08-25 01:30
",1204
坏小孩cium,"在北京朋友那，我学会用夜壶，回农村老家后没夜壶，我就改带盖不修钢汤锅替代。。。,        那天早上拎着汤锅准备去茅房，遇到小时候几个发小，热情扑过来问我啥好吃的，我羞怯的护住:没没没!是米田 共水。,       她们不信，一个抱着我，几个轮番夺，终于寡不敌众，她们举着汤锅，用不屑的语气:出去几年还学会吃独食，小木养儿。,       然后她们以胜利者的姿态打开了盖。。。","
2020-08-24 06:05
",1283
秀的拽ベ你不配,二胎政策下来了，看着别人三胎四胎的生，一出门口一人手抱着个小娃娃，再看看自己，两手空空，除了手机就是挎包。寻思了好久，给电话娃他爹:要不咱两再要个呗？娃他爹说:想都不要想。挂了电话，我摸了摸微微隆起的小腹，小样，跟我斗！,"
2020-07-31 21:03
",1835
夏有凉风秋望月,"那天，跟男友吵架，我生气，装腔作势的开始收拾行李箱，半天没见男友过来哄我，我蹑手蹑脚的去看男友在干啥，发现他居然在那里打游戏，压根儿就没理我这茬儿。,于是我拉起皮箱，真的往外走，男友急忙拉住我，让我不要走，我说，你道歉，我就不走了！男友一阵讨好，一阵道歉的！,就在男友露出笑容上来 抱 我的时候，我顺手把男友推出门外，扔出皮箱……小样儿，箱子里都是你的！","
2020-07-23 20:30
",2177
图图的耳朵会动耶,"和儿子在外面玩，看到他老师往这边过来，儿子忙躲了起来！我有点疑惑，却也没管他，迎上去跟老师打招呼，闲聊了几句，老师就走了。儿子又从旁边钻了出来，我瞪他：你这孩子，越大越没礼貌了，看到老师招呼都不打，还躲起来！,儿子扑闪着大眼睛看着我说：妈妈，不是我不跟老师打招呼，是昨天我们幼儿园毕业欢送会上，老师说，二十年后，你们再来见老师！这还没到二十年，我怎么见她啊！","
2020-07-22 07:55
",1090
夏有凉风秋望月,"今天外出办事回来晚了，食堂师傅说，没有菜了，只有米饭，说着就给我端出来一整盘，我惊呆了，师傅还说，给我一瓶辣椒酱，可以拌饭吃……,直到公交车司机喊我下车，我才知道我睡着了坐过站了，垂下来的口水都流到裙子上了！","
2020-08-30 13:08
",1848
放弃or被放弃,"表哥逗女同事，跟新来的哈工大女大学生说：“你信不信，我能不用嘴，就能亲到你的嘴。”,女大学生瞪大了眼说：“我不信。”,表哥说：“我们赌100块钱。”,女大学生同意了，表哥起身走到女大学生面前用嘴亲了一下她的嘴，女大学生顿时傻眼了：“你不是说不用嘴吗？”,表哥说：“是啊，所以我输了。”,说完表哥拿出100元钱递给了女大学生，脸红红的跟表哥说：“想亲我就直说，我又不是不让你亲。”然后俩人就在一起了。","
2020-09-02 00:28
",1167
吃了两碗又盛,"这学期，儿子学校实行封闭管理，中午所有老师和学生必须带饭吃。,前三天我给儿子分别带了可乐鸡翅，香菇油菜，孜然肉片，素炒地瓜藤，肉段烧茄子，菠菜花生碎。然后我就有些黔驴技穷不知道做什么了。,于是我交待儿子，吃饭的时候多注意同学吃什么，记下来给我作参考。,儿子撇撇嘴:做个饭还得打小抄？","
2020-09-02 19:44
",1394
吃了两碗又盛,"哥们几个小聚正好赶上教师节，闲聊中我问他们:你们说给老师送礼有用吗？,有的说有用有的说没用，但都缺少证据支持。只有扁哥思路非常清晰:咋没用？我小时候我妈年年给老师送土鸡蛋，玉米棒子啥的，我挨老师的打是全班最多的。","
2020-09-11 14:34
",1331
前夜不忙后夜忙！,从小到大，升旗时注意力不是在国旗上，而是看看国歌奏完时，国旗是不是正好停在国旗杆顶！,"
2020-09-04 21:38
",1497
.该用户已注销,"第一次去男朋友家，他父母对我冷冷的。等吃饭时，一看桌子上三个菜，一个凉拌莲藕，一个莲 藕炒 肉，一个莲 藕炖排 骨。,阿姨一个劲的把莲藕加给我吃，还不停的说：孩子，别客气，你吃 藕，你吃 藕...,我从小就不是很喜欢吃莲藕，又不太好意思拒绝他们。,我好尴尬，我该怎么办啊[捂嘴][捂嘴][捂嘴]","
2020-08-14 07:00
",1802
猪头小小败,以前我爸寒假带我去钓鱼，水库好多人在钓鱼，那天我钓了七条草鱼20多斤，我爸就掉了两条，没几天我爸的钓友就打电话让别人来我家说媒，把他儿子介绍给我,"
2020-08-20 18:59
",1245
歌歌哒f,"有个处了好几年的朋友，可以说无话不谈，当得知他喜得千金时我去医院看望，,见他抱着宝宝嘴里“小宝贝、小可爱”的不停喊着，有种捧手里怕摔含嘴里怕化的感觉，,而我看着这一幕实在不知道咋开口就只好在一边默默的看着，,终于他媳妇看不下去了说道：看你这么喜欢孩子，要不咱整一窝，,朋友看了看手里的宝宝又看了他媳妇笑道：好啊，我觉得我可以，,然后转头看着我问道：你要加入吗？我一听这还得了连忙后退并摇着手道：不了，不了……,朋友看我有些难为情，但还是极力劝说让我加入，最终因为盛情难却我以技术入股的形式答应了他，,就这样我给他们夫妻开的幼儿园当了三年校车司机……","
2020-08-09 07:04
",2544
夏有凉风秋望月,"老板请公司全体员工周末嗨皮。有唱歌跳舞；有喝酒划拳；有棋牌娱乐等；；；；；；只有我危襟正坐，一动不动手机也不玩。,老板见我的样子，笑着说:望月，今天就是来放松一下的，不要像开会一样那么刻板，跳起来唱起来吧！,我能说我是痔疮犯了，不敢动吗","
2020-08-23 19:12
",1553
空城旧梦她与伞,"有个文件要找老板签字，看他办公室门虚掩着，敲了两下没人应，就推门进入。,只看见漂亮的女 秘书坐在办公桌上，老板正握 着她手，看手相嘞。,老板抬头看到我，大怒：懂不懂规矩啊？没经过我同意就进来，滚！,我连忙退出。老板接着说：等一下，滚出去的时候，记得把门带上。,好吧，老板说的话，必须落实，带上就带上吧。于是我从车间拿来一把螺丝刀，三下五除二，把门卸下来，带上走了","
2020-09-09 06:19
",2122
赵兄托你帮半点事,早上起床时，那种困顿，那种悔恨，那种生不如死的感觉。都让我想杀了昨晚的自己。可是每天凌晨，那种自信，那种嚣张，那种精神抖擞，不可一世的感觉。我甚至不记得自己是谁。,"
2020-07-29 21:28
",1253
狐小乔,"在售楼部上班，昨天来了对情侣，想买一套228万的。都要交定金了，男的说:""加个微信吧，方便联系!""我看他的微信号是一串字母，就随口问了句:""是你俩名字的缩写吧？"",​女的一脸狐疑，拿起手机看，忽然嗷的一嗓子:""还真是缩写，是你和前女友名字的缩写吧，以前我愣是没注意!""男的脸都变色了。,​最后女的扔下一句:""这婚不结了！”扭头跑了……,我说错什么了吗？","
2020-08-30 08:13
",1884
.该用户已注销,"最近和闺蜜胖丫一起减肥跑步，跑了一个月，胖丫要去参加马拉松。,我看了看五公里起步，没有参加，胖丫让我去终点站迎接勇士归来！,我左等右等，参加的人都回来老半天了才看到晃悠悠的胖丫，我连忙跑过去关切的说:怎么了？有没有哪不舒服？胖丫摇摇头，我又追问，没事怎么走回来呢？,胖丫才委屈的说:婷婷，补给站给的香蕉，零食太好吃了，我吃撑着了，所以慢慢走回来的。。","
2020-08-12 08:18
",1491
金失&金华,"媳妇晚上遛狗回来，神秘兮兮的跟我说：“老公，你知道吗？刚才在楼下碰到李婶，说是白晓燕从广东回来了，好像是搞基建挣了一些钱，准备回来开个小公司，这两天好多小包工头为了揽活都去她家送～礼呢，门槛都快踢平了……”,“秋后的蚂蚱，蹦哒不了几天，很快他们就都不来送～礼了……”我回答说。,“你咋知道的呢？”,“晓燕在广东一个制衣厂做衣服，是计件发工资的，不是他们理解的那个基建，v信上晓燕跟我说过，现在她有经验了，准备回来办厂……”,“我特喵就知道你跟她还有联系，留着前女友的v信，呸，渣男……”,我……","
2020-08-10 08:21
",2109
程枂儿,有私人水果刀一把。今天刚到公司看见一戳弟在用我的水果刀削苹果！削一块就往嘴里塞的那种！我装没看见，故意在找东西！同事问我在找什么啊？我故意大声说：“我昨天削脚上老皮的小刀呢！”那货马上傻眼了！所有人都望着他！嘴里还含着一块苹果！,"
2020-08-09 15:49
",1088
薄之凉,"前女友来店里洗车，正巧赶上我的班，我说：您洗车200元。,前女友生气道：今天可是七夕，不念旧情不打折也就算了，怎么还宰我？,我：车太脏，费水！,前女友：你们经理呢？我要投诉你。,女经理看见前女友就是一愣，然后听前女友的投诉，气愤地骂我：你脑子有病呀？怎么能乱收费？明明是250，你凭什么优惠？,前女友气跑了，我找女经理表示感谢，等过了七夕，请她吃个饭。,女经理摇头道：我不知道她是你前女友，所以我没有帮你。,我不解地问：那您为啥那样说？,女经理咬着牙说：她父亲是我前男友！","
2020-08-22 15:53
",2145
狐小乔,"带着闺女出门遛弯路过一个小商店，闺女非要我给她买奶片吃。,我想闺女一个月没吃过糖了，就给她买吧。,进门挑好奶片准备结账，发现自己没带手机，现金那就更不可能有了。,尴尬的不行，我就和闺女商量：“妞妞，妈妈忘记带钱了，奶片我们先还给老板叔叔吧。”,“妈妈，我有钱。”说着从兜里掏出2枚坐摇摇车使用的专属硬币。,“妞妞，这个不是钱，不能买奶片，只能坐摇摇车。”,“叔叔，我请你去坐摇摇车，让妈妈看店行吗？”","
2020-08-29 08:37
",1083
忧郁的创可贴,"公司两小男生，变着花样天天给我买早餐，送好吃的，咱心里也门清，两个总得选一个吧?不然长期下去不是办法。。。,邀请他们一起吃晚饭，气氛祥和，其乐融融，酒菜渐鼾之际，最后大家决定桃园三结义，我排行第一。。。,​","
2020-07-20 07:42
",2415
出门太难,"我们老家那里，有几个老头，名字特别好记，叫五斤、六斤、七斤、八斤、九斤……据说是出生的时候称过，有几斤名字就叫几斤。,小时候，我一直奇怪咋没人叫一斤、二斤呢。有一次问起我爸妈，我爸愣了一下说：一斤的小孩能算人么？那就是个蛋！！​","
2020-07-28 07:59
",1237
坏小孩cium,回娘家，我为了图气氛，扔了一大串鞭/炮丢进家门口草丛里，一条狗子带着一群小狗子跑了出来，这狗子嘴里叼着鞭炮，追过来缠着我的腿，要和我同 归 于 尽，那天要不是人多，估计我就要被这狗子给削秃噜喽，谁也不知道狗子把窝搭在草丛里呀。。。。,"
2020-08-11 06:53
",1243
夏有凉风秋望月,"小时候吧，家里的条件都不太好，也只能是几个月吃一次荤菜。,有一天我给同样很久没吃荤菜的婷婷出了个好主意说:我能保证她过年才能吃到鸡今晚就能迟到，前提是给我吃一个鸡腿。,婷婷也答应了，于是我悄悄的告诉婷婷，把臭豆腐乳倒一点你爷爷的床上，然后你就告诉你爷爷说，自己家的大公鸡把屎都拉到你床上了。你爷爷肯定一生气我们不就可以,婷婷听了我的话觉得有道理，就照做了。可惜倒了多了一点，把戏被拆穿了，这个不守信用的闺蜜还告了我一状。,我爸妈知道真相后，特意请假一天给我吃了一顿竹笋烤肉。","
2020-08-13 17:01
",1284
金失&金华,"今天教师节，群里下通知让晚办公时间开教师节茶话会……,到点了，我认真的洗干净手，早早的来到开会地点……,我洗干净手就是为了玩手机的，一定是这样的……","
2020-09-10 17:14
",1232
正版煮茶,"饭店碰到朋友夫妻两人，他们两个人就着一盘青菜，大口吃米饭。我心里一酸，也没跟他们打招呼，对服务员说，那桌单我买了。,服务员让我一扫，好家伙，他们吃了500多，我才吃了几十块的！服务员解释：其他菜吃完了，盘子都收了，就这盘青菜上慢了，他们只好又点了米饭，估计赶时间所以吃的急。","
2020-08-15 20:34
",1777
夏有凉风秋望月,小时候去外公家过暑假，因为舅舅说:外姓的吃饭要付钱，豪气的我把暑假作业的姓改成妈妈的姓，然后很嚣张地拿给舅舅看,"
2020-09-02 19:15
",1456
沐沐茜,"作为护士，我最怕的是给新生儿采血，因为真的很痛。很多宝宝本来像小天使一样睡着，突然脚跟被扎，会疼得立即大哭起来。,有次遇到了一个很勇敢的宝宝，脱掉小袜子，开始扎，每次进行到这步时，我自己都心惊肉跳。哎？？天哪！宝宝没哭啊！好勇敢啊！赶紧趁机挤一下血。还没哭！,采完血，边夸宝宝边给他穿上小袜子：宝宝好勇敢！真是小男子汉！,这时只听“哇”的一长声，直接哭到脸都发紫上不来气。。。。,每次这时我都充满了“负罪”心理，赶紧抱起宝宝在病房里走走拍拍，哄了好久才止哭。（感谢观众们听我的故事）","
2020-07-26 07:44
",992
璃白°,"记得那是我上初中的时候，我们村的一个男孩儿，长得特别帅，我们在一个班，关系还不错。,那次听说他胳膊摔骨折了，他爸爸给他请了三个月的假，由于我们两家不远，放了学我就经常去他家给他补习功课，他爸爸妈妈也对我特别好，偶尔做了好吃的还会留我在他家吃饭。,时间过得好快，三个月很快就过去了，而我也整天跟他形影不离的，但是，欢乐的时光总是短暂的。,很快学校就传出了我们两个在谈恋爱的谣言，我俩都很生气。那天，他找到我说，以后我们还是少在一起吧，毕竟人言可畏，而我一个女孩子，他怕对我的名声不好。,我扬起胖嘟嘟的小脸儿，一把拉住他的手，倔强的对他说到:怕什么，大不了以后我就嫁给你呗，随便他们说去吧！,他像一只受惊的小鹿，一把推开我，对我说到:咱们还小，应该以学业为主，虽然青梅竹马，但还不是儿女情长的时候，你这么好的姑娘，我不能耽误了你。,我当时特别感动，情窦初开的少女都有一个王子的梦，而他就是我的白马王子，我以为这就是青梅竹马的爱情。,直到后来，他转学了，他家也搬走了，我也失去了他的联系，那时候我还伤心了很久，总想着有一天，他会回来找我。,然而我都成大龄剩女了，他还是杳无音讯，家里给我介绍了很多次相亲都没成，直到那次相亲我竟然遇到了他。,在一个温馨的咖啡屋，我一眼就认出了他，激动的我就想去抱他一下，他看了我一眼，瞬间就跳出去了两米，然后惊恐的说到:你别乱来啊，虽然你是个好姑娘，但我感觉咱俩不合适，我不能耽误了你，再见！说完头也不回的就往外跑了。。。,感受着周围人嘲笑的目光，我在桌上扔了一百块钱，然后强装镇定，笑骂道:“好你个臭弟弟，给我站住！”说着也跑出了咖啡屋，但是眼泪却不争气的顺着我那胖嘟嘟的脸颊流到了嘴里。。。","
2020-07-22 07:45
",1184
璃白°,"表哥身高一八五，体重一百九，前几天去推拿的时候轮到一个女医生。长得瘦小枯干眉清目秀。,为了表示自己很爷们，表哥就一直告诉女医生加力，力度不够。女医生也不含糊。给表格按得龇牙咧嘴，酸麻胀疼滋味俱全。表哥狞眉瞪眼 咬紧牙关 牙咬的咯吱咯吱响，愣是没敢喊疼。。还别说女医生手法还真不错。按的时候疼，结束之后表哥起身，感觉浑身轻松，神情气爽，头脑清醒，眼睛明亮。,结果第二天早晨醒来吸气的时候发现，右侧肋部疼针扎一样的疼痛。到医院一拍片子。原来是肋骨错位。找到女医生之后，让表哥躺好随手一按轻轻的“咔”一声，疼痛顿时消失。,表哥为了感谢医生。买了许多水果送去。几天之后又不舒服。又去按摩。一来二去现在那个女生成我表嫂了。","
2020-09-07 05:31
",2413
精灵不次饭～,"跟老公一起参加他跟的哥们八一聚会，酒至半酣，他们聊起来有哪些特别难忘的事，有的说半夜上厕所踩到蛇，有的说相亲遇上前女友……老公笑着说，最难忘是我的媳妇第一次去我家。,他的哥们都坏笑起来，纷纷起哄，快说，是怎么难忘？谁知道老公泯了口酒，幽幽说：“我第一次见识化妆的神奇，我看见了我媳妇卸完妆的脸！”","
2020-08-04 09:49
",1297
狐小乔,"妇产科。,一个孕妇从怀孕就一直在我这做检查。,一个月又一个月过去了，眼看着她从90几斤，变成了现在的130多斤。,我：“体重长得太多了，你得控制控制了。”,她：“医生，我也想控制啊，可是我饿啊！一饿我这心里就突突，可难受了。”,这时候她老公在旁边接了一句：“医生，她天天吵着饿，每天不停地吃吃吃，我说她，她也不听，你看看，这都从黄瓜胖成个西瓜了！你替我管管她！”,我刚想说话，孕妇回头就给了他老公一句：“你给我闭嘴！你一个把食物变成屎的人，有什么资格嘲笑我这个把食物变成生命的人！！！”,她老公当时就没电了。,哈哈哈，我都快笑死了！,大姐，你说的没毛病！","
2020-09-05 21:01
",2315
春雨中,和糗友们说个糗事，大家别见笑啊。今天有些郁闷事，赌气喝了五口酒，酒醉后，翻遍通讯录，却找不到一个可以说说心里话的人。大家说，够不够糗？,"
2020-08-15 18:56
",1245
。蝶舞。,"今天七夕。,我:老公今天七夕你能不能在家陪我一天？,老公:我们现在包的工程赶时间我现在一天能挣三四百，你确定我要陪你一天？,我:那还是算了吧挣钱要紧。","
2020-08-25 06:53
",1417
捡尸大队大队长,晚上去烧烤摊吃东西，没想到和邻桌的起了冲突，那人居然喊了两个面包车的人来，我当时就笑了，打了个电话，兄弟们包工头我今天发工资 ，速来。一会儿，4大卡车人下来了，对面的人马上就跑了……然后我还是被打了一顿...,"
2020-08-03 06:36
",1013
蓝山吴彦祖,在油管上看到一条社畜精品发言：“入职以后，公司给每位员工发了一台电脑，表面上看是每个人拥有了一台电脑，其实是给每个电脑配了一个人。,"
2020-07-19 23:09
",1035
惨剧见多了,"今天骑自行车通勤上下班，没带手电，路过一乌漆麻黑的道路，正好一外卖小哥骑着电动车经过，就在我后面照了两公里。,到了大路跟外卖小哥到了一声谢，外卖小哥冲我挥了挥手。,虽然不是什么笑话，但是那一刻确实很感动，祝不知道姓名的外卖小哥出入平安，月入十万！","
2020-08-18 00:50
",2637
-绝世小萌女～～,"老妈骂我，我怀恨在心怂恿家里的金毛，在她瑜伽垫上拉稀！,老妈怒了:狗东西！ 她要动手，老爸赶紧劝:打狗还看主人呢！,老妈看了我一眼，转头对金毛说:你敢有意见？  金毛吓得直摇头！,于是老妈就揍了我一顿","
2020-08-11 20:33
",2185
-小门神~,"带生病的儿子去看病，他害怕去医院！,我鼓励他:你的偶像是被封为“冠军侯”的霍去病，文武双全辛弃疾！想成为男子汉，就要勇敢！,儿子边哭边往后退说:我想学 霍去病 辛弃疾，所以我叫“不打针”，不打针…,护士小姐姐开玩笑说:霍去病 辛弃疾都来我们医院看过病，他们都打过针…,儿子咬咬牙，义无反顾撸起袖子…","
2020-07-20 06:59
",1368
净心居士,"玩糗 百真的能找到女朋友。,我和胖丫认识于网络，在奔现后看着她无聊，我给她介绍糗 事 百 科这个APP，刚玩一天，就吵着要和我分手，说找到真爱了。。。,现在终于有个女孩肯为我自 杀，还说我不同意分手就要自 杀，把我感动了","
2020-07-24 08:54
",1267
小恩的老公8,"前几天去了武当山，顺便找了个老道士看看手掌算算命。老道士竟然对我说我本来是皇帝命，只是生不逢时，现在只能当服侍人的命！我一听，满准的啊，我现在上要服侍二老，下要服侍两小，中间还要服侍家里的母老虎，去单位还要服侍领导！算一次100块，我特意给了他200块……,回到单位我一说，卧槽！好几个去武当山算过命的同事，算出来的结果和我一样一样的……","
2020-09-10 10:53
",1637
狐小乔,"我小叔子年轻的时候学过散打，现在在一家借贷公司当催收员。,为了能够震慑借钱的人，去剪了光头纹了一条过肩龙。,本以为会比以前凶悍点，没想到小区幼儿园的孩子都很喜欢。,他们围着小叔子非要给他们摸一摸，小叔子说：摸可以，一下10块钱。,这不，一会的功夫赚了200多块钱了！","
2020-08-25 10:59
",2095
净心居士,"年前捡了一只流浪的小金毛，给它吃饱饭，洗干净后，发现通人性，漂亮，可爱。,我们朝夕相处着，彼此谁也离不开。上礼拜我和女朋友后分手后，我抱着金毛说:还是你对我好，不会离开我，虽然你是只公的，但是我还是对你很有感觉。,我刚说完这句话，金毛疯一般的冲出了家，到现在都没有回来，我要不要发一个寻 狗 启 事？","
2020-07-25 15:34
",1951
-小门神~,"透过落地窗，看见工人在 除 cao！我对侄子说:它们长得茂盛，又不规则！为求美观，必须剪成一致！,此时窗外刮起一阵狂风，顷刻间，黑云压城大雨将至！我疑惑道:今天天气预报不是说，晴空万里吗？,侄子说:叔叔，你看工人叔叔在打电话！肯定是让老天爷接了订单，,剪完 cao再洗 洗吹 吹造型……","
2020-07-22 10:07
",1289
狐地瓜大人,"老婆：亲爱的，你打针怕疼吗？,我：嗯，怕。,老婆：亲爱的，打针时候别看针头，感觉就不会那么疼了。,我正疑惑如果给屁 股 打针，怎么看针头。老婆拿出手机说：亲爱的，帮我清空购物车，物品清单你别看，直接付账就好，你就不会那么心疼了！","
2020-08-29 10:34
",1383
胖香,今天小雨，比较凉快，出去批点雪糕偷偷放在冰箱最下层，心想等天热了就可以拿出来吃，睡醒午觉以后看到垃圾桶里出现了很多雪糕袋子，把孩子们都拎到跟前训话。问她们天又不热，为什么吃雪糕？孩子可淡定了:“只有你们大人会因为热才吃雪糕，我们吃雪糕是因为馋……”,"
2020-08-26 15:04
",2710
-小门神~,"我在档案室，连着放了十个臭 P！,后来经理打电话，训斥我道：别把档案室熏臭了，等会老板要来！,我纳闷道：你咋知道我放P了？,经理道：透过监控呀！,我彻底傻了，监控有眼睛，可又没鼻子？电话那头经理接着道：我从监控看到，你身上好像有一道道回旋的气流……","
2020-09-08 06:54
",2143
tonoon,大学宿舍，某晚上半夜12点，某个姑娘在阳台打电话。 貌似是被男友抛弃了，哭的声嘶力竭的，老三被吵醒了。 姑娘哭了很久……这货忍不住了，冲到阳台上吼道：“半夜三更的，哭什么啊，不就一男人么！明天来找哥，哥做你男人！” 第二天姑娘找上门了……于是事儿就这么成了！！！,"
2020-07-19 22:24
",1056
吃了两碗又盛,"穿新裤子掉钱，这是我昨天才发现的。,前些天第一次穿丢了二百，我没有觉察到是裤子的问题。昨天第二次穿新裤子，又丢二百，我就警觉起来。,做实验，把钱放裤兜里，走不到五百步钱就在摩擦力的作用下窜出来了。,我给媳妇演示这一过程的时候，走了五千多步，钱还稳稳地在兜里待着呢！","
2020-07-25 11:52
",1170
净心居士,"下班的时候，在进电梯时保洁大妈突然把我拦住说:我把外孙女介绍给你，想和你做朋友。,我惊恐的说:大妈，小声点，我可是有女朋友的人，胖丫马上也就下班了，你一点不是害我吗？,谁知道大妈嫌弃的说:谁看上你了，我也没看上你，最主要的是你长的猢狲，逗她开心而已。,我招谁惹谁了","
2020-08-09 20:02
",1122
狐小乔,"终于发工资了，我和我随便说了一句：8400块钱的工资终于到账！同事一听，说：奇怪了，我怎么才8100！一对账，上个月3号我俩一起到的公司，同一工种，我28天，300块钱，不是8400吗？我说你怎么才27天，领导搞错了，找领导去！同事说算了吧！我说不行，一定去！,我拽着同事去了领导办公室，我振振有词，说同事工天少一天！结果很完美，我给财务部退300块钱！更可气的是，我在生闷气，同事现在发出猪一样的笑声！","
2020-07-28 23:16
",1134
死去的帅哥,"我信佛，一般不轻易  sha  生。,早上在阳台站着看风景，不经意的哈了口气，不料却把趴在栏杆上的一个蜘  蛛吹掉下了楼。,这么高的楼，几十层呢，它不会摔  si  吧？一天了，我心里都不得安宁。,如果哪位糗友有幸在哪个名寺混上个法号，麻烦你有空时好心念念经，告诉它以后不要爬那么高的楼，容易摔 si，没事就在唐僧他们取经的路上候着，也好跟无聊的悟空他们几个调调情……,对了，差点忘了告诉你，它的名字叫  蜘  蛛   精","
2020-09-10 19:23
",796
坏小孩cium,"刚结婚婆婆总暗示我跟老公生娃！ 无奈假装听不懂买了个吉娃娃给她！,谁知一个月后狗子怀崽了!婆婆给它煲排骨粥补身子，红烧鱼下 乃，鸡汤油茶。。。,我望着桌上的稀饭和小青菜，口水都快掉下来。。。。​","
2020-07-21 07:17
",2325
徘徊的老鹰,"我最风光的时候，应该是初三刚开学那会。,班里就我一个人会用那种彩色的吸管扎幸运星。,只要一下课，好多女生都会围着我，让我教她们扎幸运星，去送给心仪的男生。","
2020-09-09 09:05
",1843
一脸，美人痣。,"来工地实习第三天我被开除了。,原因是：昨天下午在才收面完成的混凝土表面,写了XX(经理名字)是个傻B！ ,后来准备擦掉，水泥凝固了。 ,经理说解雇我不是因为我骂了他，,而是业务不熟练，,水泥凝固的时间都算不准！,反正他是这么说的。","
2020-08-01 09:02
",1118
璃白°,"上班的路上，看到女上司和一个男人在拐角处辩论，情绪有点上头，特喵的搞什么玩意，欺负女人，我脱下高跟鞋，冲上去高跟鞋就往那男人脑袋上问候。。。,一声哎呦，一声老公格外让我心里凉凉。。。","
2020-08-17 08:16
",2323
花落彼岸～任逍遥,我老爸是个老 烟 枪，从早上睁开眼开始烟不离手，我老妈被他熏的没法没法的，我老妈看 电 视 听说吸二手烟危害更大，决定给我老爸戒烟，烟卷不让抽了我爸买旱烟，，旱烟给藏起他偷着抽，我老妈气的直接给扔灶膛点火烧了，我老爸急得登梯子上烟囱上又闻了一下,"
2020-08-23 17:06
",1227
空城旧梦她与伞,"破天荒签了一笔大单，公司给了两万现金奖励，把我高兴的，这钱可得自己留着花啊。,下班刚进门，媳妇看了我一眼，把手伸出来：把钱交出来。,我装糊涂：什么钱啊?要不你搜我口袋，一分钱都没有。,媳妇冷笑道：口袋里是没有，在鞋底。,我连忙脱鞋子，边掏钱边惊讶的问道：媳妇，你是怎么猜到的?,媳妇一巴掌拍过来：特么的，结婚九年啦，你身高多少，老娘会不清楚?","
2020-08-22 06:40
",2749
义行天下7,"和老婆闹矛盾！,这家伙把我气的躲在一房间角落 哭了起来，儿子喊我吃饭我也装着没听到，不一会儿子跑进来喊我:老爸快吃饭了！，,然后儿子看了下趴在我旁边的金毛说:我知道你太委屈了，你看咱家金毛都跟着你哭呢！咋一看你俩还以为是难兄难弟呢！,特么的……","
2020-08-09 07:33
",1169
忧郁的创可贴,"用了十几年的扣扣，今天登录竟然忘了密码，点了忘记密码，密保问题“你的梦想是什么”，犹豫了许久才发现，原来我忘的不止密码，还有梦想。。。​,悲伤之际，郁闷的我我骂了自己一声，然后输入了:傻*，​页面居然跳转了，真想不到我年少时候如此有远见啊。。。。。。","
2020-08-03 07:35
",3968
璃白°,"我刚回家，侄儿因为玩乱拆家用电器被狂揍。。。,一看到我回来，侄儿疯狂求救，我制止了嫂子：嫂子，这又犯啥天条啦？嫂子加重力道：跟他讲几遍了，通电的情况下不能玩家用电器，很危险。我寻思着，这种原则性的东西是得揍奏才能长记性，于是我就在没有制止，溜进房间开直播了。。。,我正播着呢，回直播间提问：对呀，我单身呢，没男朋友呢。。。侄儿轻漂漂走到我旁边，对着我说：妈，几个爸爸们打起来了，你快点过去看看鸭。。。我去，这 兔 崽 子 玩 报 复。。。。","
2020-08-21 07:18
",2114
狐小乔,"小时候，每当农忙季节，我放学都会去帮着大人做点力所能及的事！,后来老爸就觉得理所当然了，像打水、背玉米袋这样的重活都让我干！,我苦着脸问老爸：“我是女生，为啥要我做这些重活，我妈都没做过的！”,老爸想都不想说：“你妈那么瘦小的，能做啥，你看你胖胖哒，有的是力气！小孩子嘛，就得多锻炼锻炼……”","
2020-08-12 19:08
",992
聊天不撩妹子,"前天七夕路过花店，见邻居小李在买花，就过去打招呼：小李买花啊？年轻人就是浪漫啊！,小李：今天是七夕，给老婆买束花，哄她开开心呗。,下班回来见到小李媳妇就随口道：真的羡慕   嫉妒你们年轻人，早上见到小李给你买花了。,怪我多嘴了，全小区人都说我调拨小李家俩口子离婚。。,小李把花送谁了我是真不知道啊！！！","
2020-08-27 06:11
",2799
空城旧梦她与伞,"多年前，在一家工厂上班，厂里来了一个小老乡，他嘴巴很甜，一口一口哥叫着，说刚出外很多事不懂，希望我这个老乡多多指点。,作为过来人，我理解新人的那种无助，何况他又是老乡，我教了一些自己的看法，和工作方面注意的一些事项。,后来，工厂派我出差一个月，小老乡仍然常常在网上和我聊天。,那天，他说暗恋厂里一个妹纸，妹纸却有男朋友，他不知道怎么办？,我给他鼓励，说只是恋人关系，没有结婚，他还可以追求，公平竞争。,等我出差完回来，妈蛋，我女朋友，莫名其妙成了那小老乡的女朋友……","
2020-07-29 06:47
",2695
坏小孩cium,"大学的时候，我哥不知道我谈恋爱了，来学校看我，路上遇到男朋友宿舍的人一个个的喊：嫂子好！嫂子好！,        我哥愣了一阵子，然后眼泪八叉的说:生活费不够我每个月给你加五百，别再去做大哥的压寨夫人。。。","
2020-08-02 08:20
",2545
忧郁的创可贴,"同事小李老实巴交，追一个小文员，我们鼓励他多约她逛马路，过马路多保护她点，很容易牵手的。,后来，他终于约到了，但是却没成，小李说:这小文员过马路当时都快被车刮到了，我寻思着拉她会扑到我怀里不太好，本着保护她的原则，一脚踹她飞出去了，完美飞到草丛里了。。。","
2020-08-15 07:19
",2256
狐小乔,"姑父去同学聚会，回来指着照片上一个头发花白的大妈说:""大家都喊她班花，我咋忘了叫啥了!""得了5年健忘症的姑姑走过来，扫了一眼马上说:""叶XX，比你小一岁，属羊的!"",姑父很惊讶:""你连中午饭吃的啥都记不住，这几十年前的人了咋记这清楚？"",没想到姑姑说:""咱俩搞对象的时候，你骑车带她去过一趟邮局，还花两毛钱给她买过一根冰棍儿，这件事我得记一辈子!""","
2020-09-09 22:09
",1857
大小可爱爱爱,"楼主今年三十有余！,每次 开 车 路过幼 儿园 ，都不 敢 按 喇叭 ，因为怕 吓 到 我未 来 的 女  朋 友……","
2020-08-11 13:39
",1909
忧郁的创可贴,"周六同事需要加班,让我代她参加下午的亲子赛跑活动,听说前三名有奖励数量不错的小红花,那天下午我盛装出行。,同事的宝宝是认识我的,远远看到我过来,就跑到幼儿园里面进去了,边跑边和老师喊:我不认识小美阿姨,她那么胖! 一定跑不过别人的。。。。。。","
2020-08-01 06:56
",1455
天热打鼓球,"今天教师节，不由让我想起了当年老师对我那极其不屑的评价——你学习稀巴烂，长那么帅有个屁用啊？以后能靠脸吃饭吗？,至今让我耿耿于怀！","
2020-09-10 19:41
",1524
-小门神~,"我画了幅《嫦娥》，由于画工不行，把她的脸画的肿大如磨盘！侄子问什么情况？我解释道:仙子饿了，就将玉兔烤了…,侄子恍然大悟，却又云里雾里:嚼兔子肉，能把脸给嚼变形吗？,我接着一本正经道:不是，是烤玉兔的香气弥漫开来。,整个月球的人都想跑来吃一口，嫦娥不乐意，脸都被人打肿了，唉…：","
2020-07-20 20:43
",1111
俅俅沐,记得小时候。我妈特爱打麻将 玩起来麻将就忘了给我做饭 我就天天吃的华丰三鲜伊面 吃了一个月 吃吐了，我妈看着 特别心疼 然后给我换了一箱康师傅……好笑求关注[沙雕][沙雕][沙雕],"
2020-08-27 23:45
",1757
空城旧梦她与伞,"多年前，我一个堂叔的事，堂叔年轻时本分老实，而且有一门手艺，是杀猪的屠夫。,经过相亲谈了一个邻村的姑娘，姑娘的父母对他十分满意。,结婚前一段时间，那姑娘家请了一个弹棉花的外地小伙子，弹几床棉花做嫁妆。那小伙子走南闯北，能说会道，常常逗得我堂叔的未婚妻哈哈大笑。,就在婚礼前的一个晚上，他两人竟然私奔，远走高飞啦。,姑娘的妈妈急坏了，经过一个晚上的动员，小女儿同意代姐出嫁。,中国好丈母娘啊！","
2020-08-09 06:38
",3911
空城旧梦她与伞,"晚上，洗完澡后去溜达，发现小区门口新开了一家小小的牛肉面馆。一个大妈在掌勺，一个年轻妹子帮手，那年轻妹子身材、相貌都不错，挺漂亮的。,我点了一碗面，吃完后，才发现没带现金，手机也没带。于是和大妈说道：老板娘，不好意思啊，忘带现金和手机啦，我就住这小区，现在马上回家拿，十分钟就行。,大妈好像有点不太相信我，犹豫着。,我急了：你放一百个心，十分钟之后我不回来，我就是您儿子。,年轻女子听到后，脸突然红了，低着头轻轻的呸了一声。,大妈则不愿意啦：臭不要脸，休想打我 儿媳妇的主意！","
2020-09-01 06:16
",2205
胖香,闺蜜发消息给我说，她妈妈准备给新女婿的见面礼是2888，当时我就一愣，啊？第一次听说女方还要给男方见面礼啊……我试探的问:“阿姨是不是打算好了，让你男朋友拿人钱财替人消灾，贴点钱把你快点打发了？”嘿！不理我了！,"
2020-07-24 08:13
",1370
坏小孩cium,晚饭后坐着无聊，看见有老公换下来的衣服，就拿去洗，习惯性的摸了一下口袋，“咦”？有情况？掏出来一看，好家伙，背着我藏钱，数了数，626块，想都没想直接入了自己的小库房。次日清晨老公问我：看见我兜里的钱了吗？我一激灵，“没啊！没看到啊！”老公想了想：不应该丢啊，我那个兜是带拉链的，那626是小朋友入园的餐费啊！丢了就可惜了。听到这里我默默下来，把钱放在桌上。嗨！空欢喜一场了。老公过来把钱揣好，从另一个兜里掏出二百递给我。我不解的看他。“这二百是昨晚买彩票中的，给你个小惊喜”。我擦，要不要这么起起落落的啊？！,"
2020-09-14 06:47
",1969
快乐糗百人,晚上出去闲逛消饭，保养！有热闹看，回去有点晚。路上还遇上故知，热情洋溢，拉上一起夜宵去。到家快1点了。门开着？再看老公在家，正睡床上。这傻老爷们，跟我说晚十一点不回家，就开门睡。哈哈哈哈，还真开门睡，老娘睡意都乐没了。,"
2020-08-21 21:45
",1108
狐小乔,"夜班，刚来就收患者。,忙活到了晚上9点，闲下来才想起还没吃饭。,点了最喜欢的咖喱牛肉土豆和米饭。,饥肠辘辘地等餐，望穿秋水间终于等到了。,狼吞虎咽刚吃几口，一个患者家属找到了我：“医生，我爸今天拉肚子。”,我好饿啊！可是不得不停下：“什么时候开始的？几次了？拉的是什么样的？”,他：“中午开始的，3次了，拉的......什么样呢......”,只见他愁眉紧锁，似乎在脑海里努力搜索着可以形容的词汇和语言。,突然他看见了我剩了一半的咖喱牛肉土豆，像发现了新大陆一般，指着我的菜，兴奋地大喊：“拉的就和你这个菜汤一样，就这个菜汤！一模一样的！”,好吧！描述准确，对症下药，药到病除。,但也顺利地毁了我一顿晚餐，之后好几个月我都没再吃过咖喱。","
2020-09-07 07:44
",1105
姐姐掉沟里了,"中午，小店里没有人，我坐在门口，抬着个蒲扇摇啊摇，自己感觉惬意的很。,一个十五、六岁的男孩从门前经过，问我：大妈，到邮局怎么走？,我生气的说：喊谁大妈呢？,男孩​乖巧的说：奶 奶，到邮局怎么走？,我气坏了，随手指了个相反的方向。男孩道声谢​，飞快的走了。不一会又转回来，说：你这个老人家也太不厚道了，竟然骗我一个小孩子！！,我冷笑说：谁叫你叫我奶 奶的？！,男孩抓抓头，困惑的说：不叫奶 奶，难道叫外婆？？,我眼前一黑，差点晕了过去。。。。","
2020-07-25 06:48
",1297
忧郁的创可贴,"家里人正在打麻将，母亲输了一晚上了，我刚下班回来，凑过去看的时候，母亲又是一把烂牌，怎么都胡不动的，正咧嘴准备笑她呢。。。,不知道怎么滴桌子在我凑过去的时候，没挨着呢，就翻了桌子，妈妈在一边很火大的说我：多大的人了，还老是毛手毛脚，别碰我桌子。。。,留下快胡牌的爸爸，大哥，嫂子，一脸怒气的看着我。。。","
2020-08-24 08:33
",2994
璃白°,"回村里哥哥家呆了一晚，忘记带面膜了，就片了些薄黄瓜膜，一片片往脸上敷，侄女很好心的在一边帮忙，问我这是干啥的？,我耐心的解释：这是补维生素和补水，贴了后肌肤会饱满水润。,贴完，我躺着很舒服，迷噔噔就睡着了。。。,恍惚中，感觉小侄女往我脸上敷啥？,我疑问：宝宝你在弄啥咧？,小侄女呵护般：贴点羊肉卷呢，妈妈说光吃蔬菜对身体不好。。。","
2020-07-27 07:01
",2358
他的宝儿,"病房里有个大叔突然一下喘不上气，吓得旁边的人大声呼喊医生，我们赶忙跑过去，给他用了药缓解后，我望着旁边一个爷爷说，你们叫个年轻点的家属来吧，你都这么大年纪了还照看病人！,只听他激动的说，护士你搞错了，我才是病人，他是我请的护工……","
2020-08-29 12:48
",1392
卖火柴的小妮子,吃奥利奥，男票说要扭一扭，我问他:人那么多，你确定？他说:确定啊，于是我使出浑身解数扭了一顿当红舞曲秧歌。。。,"
2020-08-18 06:43
",1706
-小门神~,"那年爸妈带我去庙里烧香，那天有派发“平安符”的活动，由于人多符少，发生了争夺事件！爸妈拉着我，加入了争夺行列！,混乱中，爸妈二人被人绊倒，我在他们身后，惊恐地看着他们压倒我！,他们拿到了平安符很开心，这才发现差点被他们一屁股坐S的儿子！,老妈看我晕了过去，哭着说道:咱就不该去抢平安符，儿子他还活着吗？,老爸用手指探我鼻息，松口气安慰老妈说:幸亏抢到了平安符，儿子才没事…","
2020-08-12 20:16
",1153
义行天下7,"今天找衣服，在柜子里看到老婆 新买的男 士皮带！标价288  元！,顿时感动万分，感谢亲爱的老婆给我买这么好的皮带，心想这婆娘不拿出是哪天想给我个惊喜吧？,所以我没动，看了下重新放柜子里了！,但是做 人 得讲究礼尚往来不是，我也得表示表示，于是我又花300 多 元帮老婆 买个 包！,隔不久老丈人过70大 寿，老婆 竟然 翻箱倒柜的把那条皮 带找出送给了老丈人！！！","
2020-08-06 07:53
",1540
聊天不撩妹子,"公司实习的小刘，是大山里出来的，不怎么会骑电动车，前段时间骑电动车就骑河里去了，还不会游泳，他居然自己上来了，还道处吹牛，游泳很简单，掉一回水就学会了。。。,这几天高温，不做事都出汗，同事们就商量去海滨浴场游泳去，反正工期不急。,本人因岁数大了，没去海边，据回来的同事说，如果不是救生员果断熟练，现在大家都应该去给小刘守灵了。。,因为当时大家都在笑着看小刘在狗刨，谁也没有想到他是。。。。","
2020-08-15 07:34
",1023
璃白°,"我喜欢公司一帅哥，不好意思表白，就很古典的写了一份书信，信里极致的表达了我的心意和仰慕之情，让我部门女同事交给了他。,但是不知道怎么了，他没有回信，反而和我部门女同事成为了对象，我百思不得其解，必须找他问个究竟。,他看着抓狂的我有点蒙，但是讲到书信，他说没收到我的书信，只收到女同事的书信，他递给我，我接过一看，就是我那封，上面没有落款和署名。。。","
2020-08-06 06:57
",2499
空城旧梦她与伞,"初中同桌，是一个可爱的女孩子。那天晚自习，她羞涩的对我说，长大后，一定要嫁个像我这样的男孩子。,多年以后，她如愿以偿啦，她嫁给了我的双胞胎哥哥，确实和我很像","
2020-08-20 08:04
",2294
夏有凉风秋望月,"躺在床上快睡着的时候，刚下班回家的男友碰碰我说:老婆我想要。。。。。。,我一巴掌呼过去说道:想什么想，要什么要，快点去洗澡，完了去沙发睡。,男友楞了会儿神，委屈巴巴的说:我只是想把上个月的工资给你，自己多留一百块。","
2020-08-10 21:07
",2192
秀逗人在天涯,"真事，久违的分割线---------,前天中午，两三个月没见的女哥们一起吃牛排。,席间，女哥们突然来一句：说实话，当年你对我有没有感觉？,本着糗百精神，我认真的看着她的眼睛：如果当年你这么问我，我会昧着良心告诉你，有！,女哥们：现在呢？,我：看过喜剧之王这部电影没？里面有一句台词是我想回答你的。,女哥们得意了：“忘了他吧我养你”这句？,我含情脉脉说：“我拿你当兄弟，你却想睡我”？","
2020-08-29 09:45
",1867
石头，剪刀，破布,"一大爷买粘鼠板，问：“你家的粘鼠板顶用不顶用呀，别这两元钱白花了？”,“大爷，粘老鼠顶用不顶用我不知道，反正我知道它粘住过猫……”","
2020-09-06 06:25
",1084
带翅膀的老司机,正打饭呢， 儿子突然就伸一个空碗过来说：来，给爷爷添碗饭！我一瞪他：小崽子你不想活了！照着头就是一巴掌！这时坐饭桌上我爸说话了：是我叫他添饭，你打他干什么！” 我 ......,"
2020-09-14 01:19
",1158
净心居士,"当年在大学的时候同桌问我:中午吃什么？,我回答道:吃食堂。,连续问了我几遍我回答都是吃食堂。,中午在刷校园网时，看到一个视频，还配上文字:中午吃什么？吃 屎 汤","
2020-08-17 11:28
",1301
空城旧梦她与伞,"那年八岁，被堂哥带着去另一个村子里偷莲子，两人是光 着身 子下池塘的。,不久，就被人发现，那家的女主人，一个三十来岁的妇女，追了过来。,堂哥比我大两岁，跑得快，我跑得慢，被她活捉，连衣服都没穿上。,那妇女不准我穿上衣服，就这样押着我，往我家方向走。,去我家的路上，要经过集市，那天正是赶集的日子，集市上不时有人问她发生了什么事，她说出缘由后，也有人劝她，毕竟是个小孩子，你让他穿上衣服再说。,那妇女嘿嘿一笑：我又不打他骂他，就是要让他丢脸，以后他长大后要在附近相亲了，别人肯定会说起今天这事，看还有谁会把女儿嫁给他。,十六年后，她成了我丈母娘。","
2020-07-20 08:19
",5293
胖香,"我表弟结婚，司仪挺能整气氛，抢手捧花的时候让孩子们都上场去热闹，我闺女也去了，个子小排前面，新娘扔的不远，整好就被我闺女捞怀里了……,司仪拉着我闺女，问她跟新郎啥关系，也是怪我，娃没见过我表弟，我也没交代，我正着急呢，人家在台上开始了:“是我的帅哥哥，祝我哥哥和美丽的嫂子幸福美满早生贵子！”","
2020-07-30 12:15
",1058
芭蕉窗下听雨声,"昨天七夕跟老公撒娇说：你该送我一份大礼，毕竟像我这么温柔可爱，善良顾家的女人不多了。,老公听完拍拍我的头说：嗯，应该的，宝贝等着哈！,看着出门的他，我满心欢喜。幻想着会给我什么样的惊喜呢……,没一会他回来递给我面镜子。说：好好照照自己，没有白天鹅的命，就别老想着往天上飞......","
2020-08-26 00:16
",2327
狐小乔,带着5岁的小侄子去上班，小家伙很可爱，脸蛋儿肉嘟嘟的，很多女同事都想捏一下他的脸，小家伙拒绝了，说：“我只给我婶婶捏！”有几个女同事表示愿意，小侄子说：“要漂亮的婶婶。”呼啦一下，女同事全走了，没办法我们是个工程单位，学这个专业的女孩子都不是很美丽，所以我们公司的女同事长相都一般。我气呼呼的过去捏了一下侄子的脸说：“你要求太高，全吓跑了！”侄子委屈的说：“你不也说了，公司里全是恐龙吗？”,"
2020-08-01 16:37
",1019
狐小乔,"第一次去男朋友家，他家二哈见了我也不咬，温顺的卧在那儿，一动不动。,我笑着对男朋友说：你家狗狗真乖！随便摸！,男朋友笑了笑，说：是的，它老了。,我点点头若有所思，说：对哦，老了就不太爱动。,男朋友：是活得年头久了，像你这样的傻子见得多了，懒得动！","
2020-08-05 11:25
",1202
老巫婆～～,"去表姐家做客，表姐和表姐夫在厨房做菜，我和两个小外甥坐在客厅看电视。,两个小家伙说口渴去冰箱取了一瓶饮料，俩人拧了半天也没拧开。,“叫小姨拧，她力气大”,“对，听麻麻说上次她和男朋友打架，差点把她男朋友的腿儿给拧下来~”,雾草，你们两个小家伙用那种期待的眼神看着我干嘛？不要找劳资，劳资拧不开，找你 妈拧去……","
2020-09-09 10:01
",1559
禁言………,"比心害死人。。。割。。。,老婆整天在家，是个全职太太，基本不怎么上网聊天，只是看看小说什么的。,那天发工资，我因为技术改造项目，嘉奖了一千块钱，这事儿老婆不知道，我就寻思着这一千块钱我就自己偷偷留着了。,那天回到家，我把工资交给老婆后，她竟然还对我笑眯眯的做了个要钱的动作，我心里咯噔一下子，难道她看出来了？,我无奈之下，只能从口袋里把钱掏出来交给她，只见她立刻变了脸色，对我吼道:“好啊，学会藏私房钱了咋滴？还有没有，都交出来。”,我只能老实交代，然后无奈的说到:“真没有了，就这一次有嘉奖，真的一分钱都没有了。”,老婆也没有深究，我就好奇的问道：“你咋看出来我藏钱的？”,丫哈哈一笑:“谁跟你要钱了，这是比心，二货！”,卧槽，我特么竟然没有想到，草率了，草率了。。。","
2020-09-08 19:08
",1035
忧郁的创可贴,"公司企划部找我合拍了一张照片，说是公司宣传用，对这种热心的事情，我当然配合啦。。。,这期的公众号首页推送，我在很耀眼的C位，主题是  公司关爱大龄未婚员工，积极主动为她们搭造鹊桥，鼓励她们树立未来幸福信心。。。","
2020-08-14 06:37
",1731
童话镇顾家二小姐,"一时兴起，想起了练书法，网购了好多行楷、小楷、瘦金字帖，狼毫、紫毫、羊毫毛笔，临摹纸，宣纸一大堆。,准备齐全，发了个朋友❀圈:请叫我未来的书法家！吼吼吼!,老妈在下面评论:叫你收藏家还不错，买了那么多东西一个字都没练过，浪费钱，败家子!","
2020-08-15 06:55
",1999
坏小孩cium,"和老公出去吃饭，边吃边聊最近流行的相亲话题。,我回忆道：老公，我从来没有相过亲，听说相亲能蹭饭吖。,老公嘿嘿：好哇，今天哥就让你体验一把相亲的感觉.,说完老公开始狼吞虎咽，风卷残云，吃完拍拍肚子，说去下洗手间。,我点点头：嗯，去吧，帅哥，一会见。,我正愁菜都吃完了，正拿汤汁拌饭呢，服务员过来了：小姐请买下单。,我疑惑：我买单？,服务员：刚那先生说让你买单，他有事先走了。。。","
2020-07-24 06:38
",2328
璃白°,"都说穷人的孩子早出家，啊～呸，是早当家。小的时候住在山区，七岁的时候就已经很懂事了。,那年和邻居家的大婶和老太太们进山采蘑菇。她们怕我走丢，身边特意留了一个面慈心善的老刘太太。走着走着我发现了有一小堆儿黄色的小蘑菇。记得从家走的时候老妈告诉我这种蘑菇是可以吃的。我兴冲冲地把那一堆蘑菇全都采了下来。采完蘑菇我正要和刘奶奶炫耀的时候。我发现刘奶奶的眼珠转。而且转的速度向开了三挡的电风扇叶子一样。我还好奇的问刘奶奶怎么了？刘奶奶笑眯眯的回答我：哦。眼里进灰了。说完刘奶奶歪头看了看，我筐子里的蘑菇。大惊失色倒吸一口冷气，放里个屁“嘶”：丫头啊！你这蘑菇有问题呀！这个是毒蘑菇。我听满脑子问号：刘奶奶，这是真的吗？刘奶奶胸膛拍得山响：老太太我活了70多岁。还能骗你这丫头？扒拉扒拉讲了半个小时。嘴角都冒白沫了。无奈之下我就把蘑菇扔了。下午大家集合，准备回家的时候，刘奶奶说肚子不舒服。落后了一会儿。,回到家后把事情和老妈说了。老妈听了没知识。做饭的时候让我去刘奶奶家借酱油。我去的时候。发现刘奶奶家正在洗蘑菇。最先洗好的，就是之前我扔掉的那一堆小黄蘑菇。","
2020-08-24 12:00
",2372
-小门神~,"老爸痴迷箭术，练习一年后感觉小有所成，然后开始教我！那天我在后院练习，按照平时老爸所教，拉弓对准十米外的靶,第一箭失了准头，撞在靶子后方树上的鸟笼上，笼子摇摇欲坠！,第二箭又偏了，箭头卡在笼子里！我正准备发出第三箭，笼里的鹦鹉炸了毛，,它伸出右翅膀指着我，声颤道: 去年你爹就是这样把我爹，活活吓S的……","
2020-08-23 06:27
",2050
做你的太阳^^,就刚刚，对铺的室友在擦桌子，桌子大 他擦完他那边的一半说：够不着了，你那边你自己擦吧。然后把抹布扔了过来，又起身拿起扫帚扫地了…我心想人家这么勤快咱也不能落后…就接过抹布准备擦，咋眼一看：这特么哪是抹布！这分明是一只脚后跟破了洞的袜子…,"
2020-08-24 06:51
",1306
.该用户已注销,"异地男友周末要来找我，我激动的把房间里里外外认真打扫一遍。,去厨房准备开水待会给男友泡茶喝，不小心把老妈放厨房的酸菜坛打翻了，房间瞬间弥漫着一股酸臭味。,我连忙打开窗户，拿出风扇吹，又拿出我珍贵的香水喷，无奈味道久久散不出去。天呀，我们今年第一次见面，这也太尴尬了吧？,这时门铃响了，我打开门看到男友笑眯眯的站在门口，一紧张，放了个屁，得！这下酸菜味总算被掩盖住了。。。","
2020-07-19 07:16
",3572
吃了两碗又盛,"儿子吃棒棒糖，问我唆多少下能唆没，我说200，他唆了600下才吃完。我对他这种科学精神赞不绝口。,儿子说:一次实验不能说明什么，要多次反复实验才能知道这个结果的大致范围，所以你再给我点钱我多买几个棒棒糖做实验。","
2020-07-26 09:44
",1253
空城旧梦她与伞,"那时准备结婚，本来想定在十月一日，长辈们却不愿意，一定要按老 黄历挑个黄道吉日。,结婚那天早上，弥漫大雾，五米之外看不见人影，安排了六辆车去接亲，我心里还有点烦，老人家就是封建，这挑的啥日子啊？,路上还听到附近也有放鞭炮的，听说是邻村也有三户人家娶媳妇。,接亲回家时，雾也散了，这时才发现，去了六辆车，竟然回来了十辆车。更重要的是，下来了三个新娘子，一个比一个漂亮！,当时把我乐的，赚了啊！再仔细一瞅，卧槽，三个都不是我的新娘子，我的新娘子呢？","
2020-08-13 07:58
",3316
-小门神~,"见到女友奶奶，我喊了声“奶奶好”，她奶奶夸我懂事！然后我跟女友爸妈商量婚事，对方却要三十万彩礼…,我反复表示家里暂时拿不出，对方坚持立场:就三十万，少一分免谈！,这时女友奶奶吼道:不谈就不谈！  老人家有些不太正常，拉着我的手说道:,乖孙子，咱去别家相个姑娘，这家人的闺女太丑了……","
2020-08-29 07:13
",3705
五行缺少你,"还记得第一次坐飞机，我怕别人看出我是一个很少出门的土包子，特意戴了墨镜，戴着耳机听歌。,那天我是第一个登上飞机的，一进舱门，就看到空姐伸出手来，微笑着说了句什么。,当时我有些紧张，而且听的是劲爆的迪士高，全然没有听清她说什么。看到她伸出手来，以为是欢迎我，就伸手用力握了一下，还顺势拥抱了一下。,跟在我后面的哥们不乐意了，拍拍我的肩膀，示意我取下耳机，说：她是想看看你的机票，不是要和你拥抱！！,我老脸一红，赶紧拿出机票给空姐看了，走进机舱，看到座位都空着，就在第一排坐下了！,空姐浅浅一笑说：不好意思，先生！这里是商务舱，​经济舱在后面！……","
2020-08-04 08:58
",1091
可爱到家了,时间过得真快，人家都生二胎了，我还在当备胎 ​​​,"
2020-09-12 06:07
",1166
净心居士,"带准媳妇胖丫回家见家长，别人的母亲想着法子晚上安排儿子媳妇睡一起。,我的母亲倒好，活生生的把我们要拆散。晚上硬是要和我媳妇睡，说教胖丫以后怎么欺负我。,第二天胖丫红着眼睛感觉没睡好似的说:再也不想和我母亲睡了，今晚昨夜不是打呼就是磨牙，搞了她一夜都没睡好。,可是在我映像里我母亲没这坏毛病呀？,这到底是怎么回事？反正第二天晚上胖丫早早的睡到的我房间。","
2020-08-10 21:26
",1464
℡雨竹,"倾盆大瓢雨过后，池塘小河沟里面水满了，玉米地里面也存满了水，蛙声阵阵。,带上侄子去自家玉米地里，看水势如何？望着齐膝深的水，感叹道，这一季玉米又绝收了,侄子说，姑姑，这一季玉米绝收，可以收一季青蛙啊！这么多青蛙，肯定里面有青蛙王子，,把青蛙王子逮到了，也解决了你这么多年大龄剩女的问题，奶奶不是天天催你找青蛙王子吧","
2020-08-06 06:11
",1202
爆笑大蒜派,"我在浙江大学念书的时候，室友有恋母情结，喜欢上了45岁离异的英语女教授。,有一次中午，我跟室友一起去食堂吃饭，刚好碰到了英语教授。,室友端着饭过去，说道：老师，你吃红烧肉吗？,英语教授摇了摇头，于是室友就把她碗里的肉都夹到自己的碗里。,今天我们去吃饭，又碰到她，室友过去问道：老师，你吃土豆吗？,教授当时就慌了，立马说道：吃啊。,然后室友把碗里的土豆夹到她碗里，把她碗里的红烧肉夹到自己的碗里。","
2020-07-26 20:22
",3006
向昨天说再见。,我小时候的家教很严，每次成绩如果没考好就少不了一顿打，偏偏升初中的第一次考试非常难。很多同学拿着不及格的试卷一副苦瓜脸，我也不敢直接看成绩，用手先捂住一半，看到左边个6，顿时松了口气，及格是没问题了。然后当我把手拿开后，惊恐的发现成绩上只有一个6！,"
2020-07-22 17:45
",1232
狐地瓜大人,"忙着码字，看了一眼手机，群里有人拉票，顺手回了一句：拉票也不发个红包表示一下！,回完信息接着码字，过了会有人通知我去经理办公室，并且要求带上手机…","
2020-08-20 15:09
",1367
狐小乔,和老公一起逛街，看见一妹子迎面走来，长得那叫一个漂亮，把老公眼睛都看直了。我顿时火就上来了，可是为了显示我温文尔雅的素养，就嗲声问老公:＂老公，你看呀，长得比我好看的，又没我聪明；比我聪明的，又没有我好看。我是不是太完美了？＂＂对，长得好看的，也没你丑；聪明的也没你蠢。你最棒！”,"
2020-08-26 15:19
",1180
义行天下7,"中午吃完饭去办公室！,发现小张和小李在议论什么，我过去一看究竟，小张说:小李，那 些 券你不要的话给义哥吧，义哥用的着！,我咧着嘴笑着说: 可以啊，有多少要 多 少！,不知为啥，办公室的所 有人目光齐刷刷的都向我看了过来，一阵诡  异的笑 声令我感觉哪里不对？,仔细一看小李手里抓着一把推 . 拿 .  按  . 摩  会.  所的 券！,特么我以 为是公 司里  发 的礼  品 券呢！","
2020-07-29 15:52
",1105
他的宝儿,"我跟老爸说我不想上班了，好累！,他说，你不上班哪来的钱，年轻人不上班算什么？,我说我妈年轻的时候也没上班啊，也没说过不下去啊？,我爸说，她有人宠，有人疼，你有吗？,额……","
2020-09-07 14:14
",1213
忧郁的创可贴,"刚恋爱那会儿,和对象去逛街,看到一对情侣卿卿我我,两人拿着炸鸡腿,你喂我,我喂你,就差一瓶啤酒就可以上天了,好生羡慕.,我推了一下对象,努努嘴,让他看人家的表现,对象一拍脑袋: 我这驴脑袋,你等着哈.,15分钟后,他抱着两个全家桶出现了......","
2020-07-24 07:13
",995
歌歌哒f,"我脚褪皮严重，读书的时候有个和我同城的高中同学来找我玩，,当我们宿舍的得知他是我高中同学时，便以最热烈的方式在宿舍买了好几箱酒招待他，我们一直喝到宿舍关门，再也买不到酒时才结束，,临睡前我对高中同学道：咱两睡一头吧，高中同学看着我醉红的脸道：不，我要睡另一头，,于是我倒头就睡了，半夜时迷迷糊糊的听见同学喊道：往边上靠点，玛德，睡你脚那一头不管是趴着还是侧着，每吸一口气都感觉呛鼻子，而我正躺着又睡不着……","
2020-08-11 07:43
",1151
点赞的战斗猪,"周末和媳妇一起出去玩，看见一个花海特别漂亮，媳妇就蹲进去让我给她拍个照。,结果我拍的时候，两个小男孩路过嘀咕：你看那个女的多没素质，大白天花丛里面拉屎！,另一个说：“那个男的更不要脸，还偷拍人家拉屎”","
2020-08-17 10:57
",3515
净心居士,"秀逗是一个很好的朋友，上次路过他所在的城市非要我停留下请我吃饭！盛情难却呀,吃饭的时候他一脸苦相，我想他这是怎么了？是不是我点多了？大不了这餐我请就是了，从今以后就当不认识！,谁知道他对我说:净身，我智齿疼死了，等会你陪我去拔牙吧！,这有啥大不了的，没问题！,于是我搜索附近的牙科诊所，最近的也有二三十公里，好一点的更远。不过，有车没问题呀！,谁知道吃过饭后，他直接来到隔壁的宠物医院让里面的兽医帮他拔牙[捂脸][捂脸][捂脸]，还说咱都是老熟人的，上次我家的金毛也是你给拔的，给我拔应该没问题的！,我去这是什么思维，但是感觉又没啥问题[大笑][大笑][大笑]","
2020-09-04 18:56
",1388
璃白°,"开了个研讨会，反复论证，开的头晕脑胀的，出来后发现一堆得V X信心没回。,看到老公的信息：晚上大家一起外面聚下.,害，记起来了今天结婚纪念日，这都忙忘了，我回了一句语音：吃什么不重要，主要是外面找个好地方好好的@&@@@@@@@。。。。,等信息发出去两三分钟，等不到老公信息，我喵了下手机，怎么这条信息是老板发的啦。。。。","
2020-08-13 05:55
",2208
糗糗queen,昨天下班回家发现忘记带钥匙了，正好老公也出差了，无奈下发了个朋友圈求帮助，然后一朋友给我拍了个贴在门把手旁边的开锁电话小广告，并且跟我说这绝对是国内最厉害的开锁匠，我问你怎么确定是最厉害的，他说，这广告是贴我们家大门 里面的。。。里面的。。。,"
2020-07-30 07:46
",3441
